,target-var,in-sample-accuracy,out-of-sample-accuracy,sma,rsi
0,1,0.5227642276422764,0.5322777101096224,5,9
1,2,0.5300813008130081,0.5578562728380024,5,9
2,3,0.8276422764227642,0.853836784409257,5,9
3,4,0.7878048780487805,0.758830694275274,5,9
4,5,0.5959349593495935,0.5797807551766139,5,9
5,6,0.5650406504065041,0.5542021924482339,5,9
6,7,0.5382113821138211,0.5542021924482339,5,9
7,8,0.6325203252032521,0.6138855054811205,5,9
8,9,0.7268292682926829,0.7405602923264312,5,9
9,10,0.8357723577235773,0.8465286236297198,5,9
10,11,0.8276422764227642,0.853836784409257,5,9
11,12,0.7520325203252033,0.7551766138855055,5,9
12,13,0.5650406504065041,0.5542021924482339,5,9
13,14,0.9512195121951219,0.9585870889159561,5,9
14,15,0.7878048780487805,0.758830694275274,5,9
15,16,0.6910569105691057,0.6857490864799025,5,9
16,17,0.9227642276422764,0.904993909866017,5,9
17,18,0.5959349593495935,0.5797807551766139,5,9
18,19,0.5227642276422764,0.5322777101096224,5,9
19,20,0.5975609756097561,0.5895249695493301,5,9
20,21,0.6658536585365854,0.6467722289890377,5,9
21,22,0.7658536585365854,0.7637028014616322,5,9
22,23,0.5959349593495935,0.5895249695493301,5,9
23,24,0.5959349593495935,0.5895249695493301,5,9
24,25,0.5959349593495935,0.5895249695493301,5,9
25,26,0.5959349593495935,0.5895249695493301,5,9
26,27,0.5715447154471545,0.5676004872107187,5,9
27,28,0.5715447154471545,0.5676004872107187,5,9
28,29,0.5715447154471545,0.5676004872107187,5,9
29,30,0.5715447154471545,0.5676004872107187,5,9
30,1,0.524390243902439,0.5310596833130329,5,10
31,2,0.5333333333333333,0.5663824604141291,5,10
32,3,0.8276422764227642,0.853836784409257,5,10
33,4,0.7878048780487805,0.758830694275274,5,10
34,5,0.5943089430894309,0.5773447015834349,5,10
35,6,0.5617886178861788,0.5554202192448234,5,10
36,7,0.5422764227642276,0.5505481120584653,5,10
37,8,0.6300813008130082,0.6199756394640682,5,10
38,9,0.7268292682926829,0.7405602923264312,5,10
39,10,0.8357723577235773,0.8465286236297198,5,10
40,11,0.8276422764227642,0.853836784409257,5,10
41,12,0.7528455284552845,0.7527405602923264,5,10
42,13,0.5617886178861788,0.5554202192448234,5,10
43,14,0.9512195121951219,0.9585870889159561,5,10
44,15,0.7878048780487805,0.758830694275274,5,10
45,16,0.6853658536585366,0.6881851400730816,5,10
46,17,0.9227642276422764,0.904993909866017,5,10
47,18,0.5943089430894309,0.5773447015834349,5,10
48,19,0.524390243902439,0.5310596833130329,5,10
49,20,0.5975609756097561,0.5907429963459196,5,10
50,21,0.6658536585365854,0.6467722289890377,5,10
51,22,0.7658536585365854,0.7637028014616322,5,10
52,23,0.5926829268292683,0.582216808769793,5,10
53,24,0.5926829268292683,0.582216808769793,5,10
54,25,0.5926829268292683,0.582216808769793,5,10
55,26,0.5926829268292683,0.582216808769793,5,10
56,27,0.5707317073170731,0.5676004872107187,5,10
57,28,0.5707317073170731,0.5676004872107187,5,10
58,29,0.5707317073170731,0.5676004872107187,5,10
59,30,0.5707317073170731,0.5676004872107187,5,10
60,1,0.5195121951219512,0.5286236297198539,5,14
61,2,0.5308943089430894,0.5639464068209501,5,14
62,3,0.8276422764227642,0.853836784409257,5,14
63,4,0.7878048780487805,0.758830694275274,5,14
64,5,0.5764227642276423,0.5602923264311814,5,14
65,6,0.5707317073170731,0.5529841656516443,5,14
66,7,0.540650406504065,0.5505481120584653,5,14
67,8,0.6113821138211382,0.6138855054811205,5,14
68,9,0.7268292682926829,0.7405602923264312,5,14
69,10,0.8357723577235773,0.8465286236297198,5,14
70,11,0.8276422764227642,0.853836784409257,5,14
71,12,0.7520325203252033,0.7539585870889159,5,14
72,13,0.5707317073170731,0.5529841656516443,5,14
73,14,0.9512195121951219,0.9585870889159561,5,14
74,15,0.7878048780487805,0.758830694275274,5,14
75,16,0.6796747967479675,0.6857490864799025,5,14
76,17,0.9227642276422764,0.904993909866017,5,14
77,18,0.5764227642276423,0.5602923264311814,5,14
78,19,0.5195121951219512,0.5286236297198539,5,14
79,20,0.5756097560975609,0.582216808769793,5,14
80,21,0.6658536585365854,0.6467722289890377,5,14
81,22,0.7658536585365854,0.7637028014616322,5,14
82,23,0.5756097560975609,0.582216808769793,5,14
83,24,0.5756097560975609,0.582216808769793,5,14
84,25,0.5756097560975609,0.582216808769793,5,14
85,26,0.5756097560975609,0.582216808769793,5,14
86,27,0.5691056910569106,0.5749086479902558,5,14
87,28,0.5691056910569106,0.5749086479902558,5,14
88,29,0.5691056910569106,0.5749086479902558,5,14
89,30,0.5691056910569106,0.5749086479902558,5,14
90,1,0.5505709624796085,0.511002444987775,5,21
91,2,0.5595432300163132,0.519559902200489,5,21
92,3,0.8450244698205547,0.8276283618581907,5,21
93,4,0.7699836867862969,0.784841075794621,5,21
94,5,0.5774877650897227,0.5562347188264058,5,21
95,6,0.5513866231647635,0.5647921760391198,5,21
96,7,0.5464926590538336,0.5342298288508558,5,21
97,8,0.598694942903752,0.5733496332518337,5,21
98,9,0.731647634584013,0.7334963325183375,5,21
99,10,0.8466557911908646,0.8312958435207825,5,21
100,11,0.8450244698205547,0.8276283618581907,5,21
101,12,0.7593800978792822,0.7396088019559902,5,21
102,13,0.5513866231647635,0.5647921760391198,5,21
103,14,0.9616639477977161,0.9425427872860636,5,21
104,15,0.7699836867862969,0.784841075794621,5,21
105,16,0.6810766721044046,0.676039119804401,5,21
106,17,0.9086460032626428,0.9266503667481663,5,21
107,18,0.5774877650897227,0.5562347188264058,5,21
108,19,0.5505709624796085,0.511002444987775,5,21
109,20,0.5725938009787929,0.5880195599022005,5,21
110,21,0.6623164763458401,0.6503667481662592,5,21
111,22,0.7805872756933115,0.7420537897310513,5,21
112,23,0.5889070146818923,0.5562347188264058,5,21
113,24,0.5889070146818923,0.5562347188264058,5,21
114,25,0.5889070146818923,0.5562347188264058,5,21
115,26,0.5889070146818923,0.5562347188264058,5,21
116,27,0.5864600326264274,0.5574572127139364,5,21
117,28,0.5864600326264274,0.5574572127139364,5,21
118,29,0.5864600326264274,0.5574572127139364,5,21
119,30,0.5864600326264274,0.5574572127139364,5,21
120,1,0.5335515548281505,0.5214723926380368,5,28
121,2,0.5384615384615384,0.5141104294478528,5,28
122,3,0.8338788870703764,0.8429447852760736,5,28
123,4,0.7806873977086743,0.7705521472392638,5,28
124,5,0.5515548281505729,0.5840490797546012,5,28
125,6,0.5286415711947627,0.5631901840490797,5,28
126,7,0.5343698854337152,0.5852760736196319,5,28
127,8,0.5720130932896891,0.5852760736196319,5,28
128,9,0.7495908346972177,0.7079754601226994,5,28
129,10,0.8346972176759411,0.849079754601227,5,28
130,11,0.8338788870703764,0.8429447852760736,5,28
131,12,0.7463175122749591,0.7607361963190185,5,28
132,13,0.5286415711947627,0.5631901840490797,5,28
133,14,0.9549918166939444,0.9521472392638037,5,28
134,15,0.7806873977086743,0.7705521472392638,5,28
135,16,0.693126022913257,0.656441717791411,5,28
136,17,0.9247135842880524,0.901840490797546,5,28
137,18,0.5515548281505729,0.5840490797546012,5,28
138,19,0.5335515548281505,0.5214723926380368,5,28
139,20,0.5548281505728314,0.5705521472392638,5,28
140,21,0.6702127659574468,0.6392638036809816,5,28
141,22,0.7569558101472995,0.7766871165644171,5,28
142,23,0.5540098199672667,0.5766871165644172,5,28
143,24,0.5540098199672667,0.5766871165644172,5,28
144,25,0.5540098199672667,0.5766871165644172,5,28
145,26,0.5540098199672667,0.5766871165644172,5,28
146,27,0.5474631751227496,0.5852760736196319,5,28
147,28,0.5474631751227496,0.5852760736196319,5,28
148,29,0.5474631751227496,0.5852760736196319,5,28
149,30,0.5474631751227496,0.5852760736196319,5,28
150,1,0.5227642276422764,0.5322777101096224,6,9
151,2,0.5300813008130081,0.5578562728380024,6,9
152,3,0.8276422764227642,0.853836784409257,6,9
153,4,0.7878048780487805,0.758830694275274,6,9
154,5,0.5959349593495935,0.5785627283800243,6,9
155,6,0.5658536585365853,0.5542021924482339,6,9
156,7,0.5390243902439025,0.5542021924482339,6,9
157,8,0.6325203252032521,0.6138855054811205,6,9
158,9,0.7268292682926829,0.7405602923264312,6,9
159,10,0.8357723577235773,0.8465286236297198,6,9
160,11,0.8276422764227642,0.853836784409257,6,9
161,12,0.7528455284552845,0.7551766138855055,6,9
162,13,0.5658536585365853,0.5542021924482339,6,9
163,14,0.9512195121951219,0.9585870889159561,6,9
164,15,0.7878048780487805,0.758830694275274,6,9
165,16,0.691869918699187,0.6845310596833131,6,9
166,17,0.9227642276422764,0.904993909866017,6,9
167,18,0.5959349593495935,0.5785627283800243,6,9
168,19,0.5227642276422764,0.5322777101096224,6,9
169,20,0.5975609756097561,0.5907429963459196,6,9
170,21,0.6658536585365854,0.6467722289890377,6,9
171,22,0.7658536585365854,0.7637028014616322,6,9
172,23,0.5959349593495935,0.5895249695493301,6,9
173,24,0.5959349593495935,0.5895249695493301,6,9
174,25,0.5959349593495935,0.5895249695493301,6,9
175,26,0.5959349593495935,0.5895249695493301,6,9
176,27,0.5723577235772358,0.5676004872107187,6,9
177,28,0.5723577235772358,0.5676004872107187,6,9
178,29,0.5723577235772358,0.5676004872107187,6,9
179,30,0.5723577235772358,0.5676004872107187,6,9
180,1,0.524390243902439,0.5286236297198539,6,10
181,2,0.5333333333333333,0.5663824604141291,6,10
182,3,0.8276422764227642,0.853836784409257,6,10
183,4,0.7878048780487805,0.758830694275274,6,10
184,5,0.5934959349593496,0.5773447015834349,6,10
185,6,0.5617886178861788,0.5566382460414129,6,10
186,7,0.5422764227642276,0.5505481120584653,6,10
187,8,0.6292682926829268,0.6187576126674786,6,10
188,9,0.7268292682926829,0.7405602923264312,6,10
189,10,0.8357723577235773,0.8465286236297198,6,10
190,11,0.8276422764227642,0.853836784409257,6,10
191,12,0.7528455284552845,0.7527405602923264,6,10
192,13,0.5617886178861788,0.5566382460414129,6,10
193,14,0.9512195121951219,0.9585870889159561,6,10
194,15,0.7878048780487805,0.758830694275274,6,10
195,16,0.6853658536585366,0.6881851400730816,6,10
196,17,0.9227642276422764,0.904993909866017,6,10
197,18,0.5934959349593496,0.5773447015834349,6,10
198,19,0.524390243902439,0.5286236297198539,6,10
199,20,0.5967479674796748,0.5907429963459196,6,10
200,21,0.6658536585365854,0.6467722289890377,6,10
201,22,0.7658536585365854,0.7637028014616322,6,10
202,23,0.5926829268292683,0.582216808769793,6,10
203,24,0.5926829268292683,0.582216808769793,6,10
204,25,0.5926829268292683,0.582216808769793,6,10
205,26,0.5926829268292683,0.582216808769793,6,10
206,27,0.5715447154471545,0.5688185140073082,6,10
207,28,0.5715447154471545,0.5688185140073082,6,10
208,29,0.5715447154471545,0.5688185140073082,6,10
209,30,0.5715447154471545,0.5688185140073082,6,10
210,1,0.5203252032520326,0.5286236297198539,6,14
211,2,0.5308943089430894,0.5639464068209501,6,14
212,3,0.8276422764227642,0.853836784409257,6,14
213,4,0.7878048780487805,0.758830694275274,6,14
214,5,0.5747967479674797,0.561510353227771,6,14
215,6,0.5707317073170731,0.5529841656516443,6,14
216,7,0.540650406504065,0.5493300852618758,6,14
217,8,0.6113821138211382,0.6138855054811205,6,14
218,9,0.7268292682926829,0.7405602923264312,6,14
219,10,0.8357723577235773,0.8465286236297198,6,14
220,11,0.8276422764227642,0.853836784409257,6,14
221,12,0.7520325203252033,0.7539585870889159,6,14
222,13,0.5707317073170731,0.5529841656516443,6,14
223,14,0.9512195121951219,0.9585870889159561,6,14
224,15,0.7878048780487805,0.758830694275274,6,14
225,16,0.6796747967479675,0.6857490864799025,6,14
226,17,0.9227642276422764,0.904993909866017,6,14
227,18,0.5747967479674797,0.561510353227771,6,14
228,19,0.5203252032520326,0.5286236297198539,6,14
229,20,0.5756097560975609,0.582216808769793,6,14
230,21,0.6658536585365854,0.6467722289890377,6,14
231,22,0.7658536585365854,0.7637028014616322,6,14
232,23,0.5756097560975609,0.582216808769793,6,14
233,24,0.5756097560975609,0.582216808769793,6,14
234,25,0.5756097560975609,0.582216808769793,6,14
235,26,0.5756097560975609,0.582216808769793,6,14
236,27,0.5682926829268292,0.5749086479902558,6,14
237,28,0.5682926829268292,0.5749086479902558,6,14
238,29,0.5682926829268292,0.5749086479902558,6,14
239,30,0.5682926829268292,0.5749086479902558,6,14
240,1,0.5522022838499184,0.511002444987775,6,21
241,2,0.5595432300163132,0.519559902200489,6,21
242,3,0.8450244698205547,0.8276283618581907,6,21
243,4,0.7699836867862969,0.784841075794621,6,21
244,5,0.5791190864600326,0.5537897310513448,6,21
245,6,0.5513866231647635,0.5635696821515892,6,21
246,7,0.5464926590538336,0.5342298288508558,6,21
247,8,0.598694942903752,0.5733496332518337,6,21
248,9,0.731647634584013,0.7334963325183375,6,21
249,10,0.8466557911908646,0.8312958435207825,6,21
250,11,0.8450244698205547,0.8276283618581907,6,21
251,12,0.7593800978792822,0.7396088019559902,6,21
252,13,0.5513866231647635,0.5635696821515892,6,21
253,14,0.9616639477977161,0.9425427872860636,6,21
254,15,0.7699836867862969,0.784841075794621,6,21
255,16,0.6810766721044046,0.676039119804401,6,21
256,17,0.9086460032626428,0.9266503667481663,6,21
257,18,0.5791190864600326,0.5537897310513448,6,21
258,19,0.5522022838499184,0.511002444987775,6,21
259,20,0.5725938009787929,0.5880195599022005,6,21
260,21,0.6623164763458401,0.6503667481662592,6,21
261,22,0.7805872756933115,0.7420537897310513,6,21
262,23,0.5880913539967374,0.5562347188264058,6,21
263,24,0.5880913539967374,0.5562347188264058,6,21
264,25,0.5880913539967374,0.5562347188264058,6,21
265,26,0.5880913539967374,0.5562347188264058,6,21
266,27,0.5880913539967374,0.5574572127139364,6,21
267,28,0.5880913539967374,0.5574572127139364,6,21
268,29,0.5880913539967374,0.5574572127139364,6,21
269,30,0.5880913539967374,0.5574572127139364,6,21
270,1,0.5343698854337152,0.5190184049079755,6,28
271,2,0.5376432078559739,0.5141104294478528,6,28
272,3,0.8338788870703764,0.8429447852760736,6,28
273,4,0.7806873977086743,0.7705521472392638,6,28
274,5,0.5507364975450082,0.5852760736196319,6,28
275,6,0.5286415711947627,0.5631901840490797,6,28
276,7,0.5343698854337152,0.5852760736196319,6,28
277,8,0.5720130932896891,0.5852760736196319,6,28
278,9,0.7495908346972177,0.7079754601226994,6,28
279,10,0.8346972176759411,0.849079754601227,6,28
280,11,0.8338788870703764,0.8429447852760736,6,28
281,12,0.7463175122749591,0.7607361963190185,6,28
282,13,0.5286415711947627,0.5631901840490797,6,28
283,14,0.9549918166939444,0.9521472392638037,6,28
284,15,0.7806873977086743,0.7705521472392638,6,28
285,16,0.693126022913257,0.656441717791411,6,28
286,17,0.9247135842880524,0.901840490797546,6,28
287,18,0.5507364975450082,0.5852760736196319,6,28
288,19,0.5343698854337152,0.5190184049079755,6,28
289,20,0.5548281505728314,0.5717791411042945,6,28
290,21,0.6702127659574468,0.6392638036809816,6,28
291,22,0.7569558101472995,0.7766871165644171,6,28
292,23,0.5540098199672667,0.5766871165644172,6,28
293,24,0.5540098199672667,0.5766871165644172,6,28
294,25,0.5540098199672667,0.5766871165644172,6,28
295,26,0.5540098199672667,0.5766871165644172,6,28
296,27,0.546644844517185,0.5828220858895705,6,28
297,28,0.546644844517185,0.5828220858895705,6,28
298,29,0.546644844517185,0.5828220858895705,6,28
299,30,0.546644844517185,0.5828220858895705,6,28
300,1,0.5219512195121951,0.5322777101096224,7,9
301,2,0.5308943089430894,0.559074299634592,7,9
302,3,0.8276422764227642,0.853836784409257,7,9
303,4,0.7878048780487805,0.758830694275274,7,9
304,5,0.5967479674796748,0.5785627283800243,7,9
305,6,0.5658536585365853,0.5542021924482339,7,9
306,7,0.5390243902439025,0.5529841656516443,7,9
307,8,0.6333333333333333,0.6151035322777101,7,9
308,9,0.7268292682926829,0.7405602923264312,7,9
309,10,0.8357723577235773,0.8465286236297198,7,9
310,11,0.8276422764227642,0.853836784409257,7,9
311,12,0.7528455284552845,0.7551766138855055,7,9
312,13,0.5658536585365853,0.5542021924482339,7,9
313,14,0.9512195121951219,0.9585870889159561,7,9
314,15,0.7878048780487805,0.758830694275274,7,9
315,16,0.691869918699187,0.6845310596833131,7,9
316,17,0.9227642276422764,0.904993909866017,7,9
317,18,0.5967479674796748,0.5785627283800243,7,9
318,19,0.5219512195121951,0.5322777101096224,7,9
319,20,0.5975609756097561,0.5907429963459196,7,9
320,21,0.6658536585365854,0.6467722289890377,7,9
321,22,0.7658536585365854,0.7637028014616322,7,9
322,23,0.5951219512195122,0.5883069427527405,7,9
323,24,0.5951219512195122,0.5883069427527405,7,9
324,25,0.5951219512195122,0.5883069427527405,7,9
325,26,0.5951219512195122,0.5883069427527405,7,9
326,27,0.5723577235772358,0.5676004872107187,7,9
327,28,0.5723577235772358,0.5676004872107187,7,9
328,29,0.5723577235772358,0.5676004872107187,7,9
329,30,0.5723577235772358,0.5676004872107187,7,9
330,1,0.5235772357723577,0.5298416565164433,7,10
331,2,0.532520325203252,0.5663824604141291,7,10
332,3,0.8276422764227642,0.853836784409257,7,10
333,4,0.7878048780487805,0.758830694275274,7,10
334,5,0.5934959349593496,0.5773447015834349,7,10
335,6,0.5626016260162602,0.5566382460414129,7,10
336,7,0.5430894308943089,0.5505481120584653,7,10
337,8,0.6292682926829268,0.6199756394640682,7,10
338,9,0.7268292682926829,0.7405602923264312,7,10
339,10,0.8357723577235773,0.8465286236297198,7,10
340,11,0.8276422764227642,0.853836784409257,7,10
341,12,0.7528455284552845,0.7527405602923264,7,10
342,13,0.5626016260162602,0.5566382460414129,7,10
343,14,0.9512195121951219,0.9585870889159561,7,10
344,15,0.7878048780487805,0.758830694275274,7,10
345,16,0.6853658536585366,0.6881851400730816,7,10
346,17,0.9227642276422764,0.904993909866017,7,10
347,18,0.5934959349593496,0.5773447015834349,7,10
348,19,0.5235772357723577,0.5298416565164433,7,10
349,20,0.5967479674796748,0.5907429963459196,7,10
350,21,0.6658536585365854,0.6467722289890377,7,10
351,22,0.7658536585365854,0.7637028014616322,7,10
352,23,0.5910569105691057,0.582216808769793,7,10
353,24,0.5910569105691057,0.582216808769793,7,10
354,25,0.5910569105691057,0.582216808769793,7,10
355,26,0.5910569105691057,0.582216808769793,7,10
356,27,0.5707317073170731,0.5676004872107187,7,10
357,28,0.5707317073170731,0.5676004872107187,7,10
358,29,0.5707317073170731,0.5676004872107187,7,10
359,30,0.5707317073170731,0.5676004872107187,7,10
360,1,0.5211382113821138,0.5274056029232643,7,14
361,2,0.5308943089430894,0.5627283800243605,7,14
362,3,0.8276422764227642,0.853836784409257,7,14
363,4,0.7878048780487805,0.758830694275274,7,14
364,5,0.5739837398373984,0.5602923264311814,7,14
365,6,0.5707317073170731,0.5529841656516443,7,14
366,7,0.540650406504065,0.5493300852618758,7,14
367,8,0.6113821138211382,0.6151035322777101,7,14
368,9,0.7268292682926829,0.7405602923264312,7,14
369,10,0.8357723577235773,0.8465286236297198,7,14
370,11,0.8276422764227642,0.853836784409257,7,14
371,12,0.7520325203252033,0.7539585870889159,7,14
372,13,0.5707317073170731,0.5529841656516443,7,14
373,14,0.9512195121951219,0.9585870889159561,7,14
374,15,0.7878048780487805,0.758830694275274,7,14
375,16,0.6796747967479675,0.6857490864799025,7,14
376,17,0.9227642276422764,0.904993909866017,7,14
377,18,0.5739837398373984,0.5602923264311814,7,14
378,19,0.5211382113821138,0.5274056029232643,7,14
379,20,0.5756097560975609,0.584652862362972,7,14
380,21,0.6658536585365854,0.6467722289890377,7,14
381,22,0.7658536585365854,0.7637028014616322,7,14
382,23,0.5764227642276423,0.582216808769793,7,14
383,24,0.5764227642276423,0.582216808769793,7,14
384,25,0.5764227642276423,0.582216808769793,7,14
385,26,0.5764227642276423,0.582216808769793,7,14
386,27,0.5682926829268292,0.5749086479902558,7,14
387,28,0.5682926829268292,0.5749086479902558,7,14
388,29,0.5682926829268292,0.5749086479902558,7,14
389,30,0.5682926829268292,0.5749086479902558,7,14
390,1,0.5513866231647635,0.511002444987775,7,21
391,2,0.5595432300163132,0.519559902200489,7,21
392,3,0.8450244698205547,0.8276283618581907,7,21
393,4,0.7699836867862969,0.784841075794621,7,21
394,5,0.5774877650897227,0.5550122249388753,7,21
395,6,0.5513866231647635,0.5647921760391198,7,21
396,7,0.5464926590538336,0.5342298288508558,7,21
397,8,0.598694942903752,0.5733496332518337,7,21
398,9,0.731647634584013,0.7334963325183375,7,21
399,10,0.8466557911908646,0.8312958435207825,7,21
400,11,0.8450244698205547,0.8276283618581907,7,21
401,12,0.7593800978792822,0.7396088019559902,7,21
402,13,0.5513866231647635,0.5647921760391198,7,21
403,14,0.9616639477977161,0.9425427872860636,7,21
404,15,0.7699836867862969,0.784841075794621,7,21
405,16,0.6810766721044046,0.676039119804401,7,21
406,17,0.9086460032626428,0.9266503667481663,7,21
407,18,0.5774877650897227,0.5550122249388753,7,21
408,19,0.5513866231647635,0.511002444987775,7,21
409,20,0.5725938009787929,0.5880195599022005,7,21
410,21,0.6623164763458401,0.6503667481662592,7,21
411,22,0.7805872756933115,0.7420537897310513,7,21
412,23,0.5889070146818923,0.5562347188264058,7,21
413,24,0.5889070146818923,0.5562347188264058,7,21
414,25,0.5889070146818923,0.5562347188264058,7,21
415,26,0.5889070146818923,0.5562347188264058,7,21
416,27,0.5897226753670473,0.5562347188264058,7,21
417,28,0.5897226753670473,0.5562347188264058,7,21
418,29,0.5897226753670473,0.5562347188264058,7,21
419,30,0.5897226753670473,0.5562347188264058,7,21
420,1,0.532733224222586,0.5202453987730061,7,28
421,2,0.5368248772504092,0.5153374233128835,7,28
422,3,0.8338788870703764,0.8429447852760736,7,28
423,4,0.7806873977086743,0.7705521472392638,7,28
424,5,0.5507364975450082,0.5840490797546012,7,28
425,6,0.5286415711947627,0.5631901840490797,7,28
426,7,0.5343698854337152,0.5840490797546012,7,28
427,8,0.5720130932896891,0.5852760736196319,7,28
428,9,0.7495908346972177,0.7079754601226994,7,28
429,10,0.8346972176759411,0.849079754601227,7,28
430,11,0.8338788870703764,0.8429447852760736,7,28
431,12,0.7463175122749591,0.7607361963190185,7,28
432,13,0.5286415711947627,0.5631901840490797,7,28
433,14,0.9549918166939444,0.9521472392638037,7,28
434,15,0.7806873977086743,0.7705521472392638,7,28
435,16,0.693126022913257,0.656441717791411,7,28
436,17,0.9247135842880524,0.901840490797546,7,28
437,18,0.5507364975450082,0.5840490797546012,7,28
438,19,0.532733224222586,0.5202453987730061,7,28
439,20,0.5548281505728314,0.5705521472392638,7,28
440,21,0.6702127659574468,0.6392638036809816,7,28
441,22,0.7569558101472995,0.7766871165644171,7,28
442,23,0.5531914893617021,0.5754601226993865,7,28
443,24,0.5531914893617021,0.5754601226993865,7,28
444,25,0.5531914893617021,0.5754601226993865,7,28
445,26,0.5531914893617021,0.5754601226993865,7,28
446,27,0.5458265139116203,0.5815950920245399,7,28
447,28,0.5458265139116203,0.5815950920245399,7,28
448,29,0.5458265139116203,0.5815950920245399,7,28
449,30,0.5458265139116203,0.5815950920245399,7,28
450,1,0.5349593495934959,0.5261875761266748,8,9
451,2,0.5300813008130081,0.559074299634592,8,9
452,3,0.8276422764227642,0.853836784409257,8,9
453,4,0.7878048780487805,0.758830694275274,8,9
454,5,0.5975609756097561,0.5785627283800243,8,9
455,6,0.5658536585365853,0.5542021924482339,8,9
456,7,0.5373983739837398,0.5529841656516443,8,9
457,8,0.6333333333333333,0.6151035322777101,8,9
458,9,0.7268292682926829,0.7405602923264312,8,9
459,10,0.8357723577235773,0.8465286236297198,8,9
460,11,0.8276422764227642,0.853836784409257,8,9
461,12,0.7528455284552845,0.7551766138855055,8,9
462,13,0.5658536585365853,0.5542021924482339,8,9
463,14,0.9512195121951219,0.9585870889159561,8,9
464,15,0.7878048780487805,0.758830694275274,8,9
465,16,0.691869918699187,0.6845310596833131,8,9
466,17,0.9227642276422764,0.904993909866017,8,9
467,18,0.5975609756097561,0.5785627283800243,8,9
468,19,0.5349593495934959,0.5261875761266748,8,9
469,20,0.5983739837398374,0.5907429963459196,8,9
470,21,0.6658536585365854,0.6467722289890377,8,9
471,22,0.7658536585365854,0.7637028014616322,8,9
472,23,0.5959349593495935,0.5883069427527405,8,9
473,24,0.5959349593495935,0.5883069427527405,8,9
474,25,0.5959349593495935,0.5883069427527405,8,9
475,26,0.5959349593495935,0.5883069427527405,8,9
476,27,0.5723577235772358,0.5676004872107187,8,9
477,28,0.5723577235772358,0.5676004872107187,8,9
478,29,0.5723577235772358,0.5676004872107187,8,9
479,30,0.5723577235772358,0.5676004872107187,8,9
480,1,0.5252032520325203,0.5286236297198539,8,10
481,2,0.532520325203252,0.5663824604141291,8,10
482,3,0.8276422764227642,0.853836784409257,8,10
483,4,0.7878048780487805,0.758830694275274,8,10
484,5,0.5943089430894309,0.5785627283800243,8,10
485,6,0.5626016260162602,0.5566382460414129,8,10
486,7,0.5422764227642276,0.5505481120584653,8,10
487,8,0.6292682926829268,0.6199756394640682,8,10
488,9,0.7268292682926829,0.7405602923264312,8,10
489,10,0.8357723577235773,0.8465286236297198,8,10
490,11,0.8276422764227642,0.853836784409257,8,10
491,12,0.7520325203252033,0.7527405602923264,8,10
492,13,0.5626016260162602,0.5566382460414129,8,10
493,14,0.9512195121951219,0.9585870889159561,8,10
494,15,0.7878048780487805,0.758830694275274,8,10
495,16,0.6853658536585366,0.6881851400730816,8,10
496,17,0.9227642276422764,0.904993909866017,8,10
497,18,0.5943089430894309,0.5785627283800243,8,10
498,19,0.5252032520325203,0.5286236297198539,8,10
499,20,0.5967479674796748,0.5907429963459196,8,10
500,21,0.6658536585365854,0.6467722289890377,8,10
501,22,0.7658536585365854,0.7637028014616322,8,10
502,23,0.591869918699187,0.582216808769793,8,10
503,24,0.591869918699187,0.582216808769793,8,10
504,25,0.591869918699187,0.582216808769793,8,10
505,26,0.591869918699187,0.582216808769793,8,10
506,27,0.5707317073170731,0.5676004872107187,8,10
507,28,0.5707317073170731,0.5676004872107187,8,10
508,29,0.5707317073170731,0.5676004872107187,8,10
509,30,0.5707317073170731,0.5676004872107187,8,10
510,1,0.5235772357723577,0.5274056029232643,8,14
511,2,0.5308943089430894,0.5639464068209501,8,14
512,3,0.8276422764227642,0.853836784409257,8,14
513,4,0.7878048780487805,0.758830694275274,8,14
514,5,0.5739837398373984,0.5566382460414129,8,14
515,6,0.5715447154471545,0.5529841656516443,8,14
516,7,0.540650406504065,0.5493300852618758,8,14
517,8,0.6130081300813008,0.6151035322777101,8,14
518,9,0.7268292682926829,0.7405602923264312,8,14
519,10,0.8357723577235773,0.8465286236297198,8,14
520,11,0.8276422764227642,0.853836784409257,8,14
521,12,0.7520325203252033,0.7539585870889159,8,14
522,13,0.5715447154471545,0.5529841656516443,8,14
523,14,0.9512195121951219,0.9585870889159561,8,14
524,15,0.7878048780487805,0.758830694275274,8,14
525,16,0.6796747967479675,0.6857490864799025,8,14
526,17,0.9227642276422764,0.904993909866017,8,14
527,18,0.5739837398373984,0.5566382460414129,8,14
528,19,0.5235772357723577,0.5274056029232643,8,14
529,20,0.5756097560975609,0.5834348355663824,8,14
530,21,0.6658536585365854,0.6467722289890377,8,14
531,22,0.7658536585365854,0.7637028014616322,8,14
532,23,0.5764227642276423,0.582216808769793,8,14
533,24,0.5764227642276423,0.582216808769793,8,14
534,25,0.5764227642276423,0.582216808769793,8,14
535,26,0.5764227642276423,0.582216808769793,8,14
536,27,0.5682926829268292,0.5761266747868453,8,14
537,28,0.5682926829268292,0.5761266747868453,8,14
538,29,0.5682926829268292,0.5761266747868453,8,14
539,30,0.5682926829268292,0.5761266747868453,8,14
540,1,0.5513866231647635,0.511002444987775,8,21
541,2,0.5595432300163132,0.519559902200489,8,21
542,3,0.8450244698205547,0.8276283618581907,8,21
543,4,0.7699836867862969,0.784841075794621,8,21
544,5,0.5766721044045677,0.5525672371638142,8,21
545,6,0.5513866231647635,0.5635696821515892,8,21
546,7,0.5464926590538336,0.5342298288508558,8,21
547,8,0.5995106035889071,0.5733496332518337,8,21
548,9,0.731647634584013,0.7334963325183375,8,21
549,10,0.8466557911908646,0.8312958435207825,8,21
550,11,0.8450244698205547,0.8276283618581907,8,21
551,12,0.7593800978792822,0.7396088019559902,8,21
552,13,0.5513866231647635,0.5635696821515892,8,21
553,14,0.9616639477977161,0.9425427872860636,8,21
554,15,0.7699836867862969,0.784841075794621,8,21
555,16,0.6810766721044046,0.676039119804401,8,21
556,17,0.9086460032626428,0.9266503667481663,8,21
557,18,0.5766721044045677,0.5525672371638142,8,21
558,19,0.5513866231647635,0.511002444987775,8,21
559,20,0.5734094616639478,0.5880195599022005,8,21
560,21,0.6623164763458401,0.6503667481662592,8,21
561,22,0.7805872756933115,0.7420537897310513,8,21
562,23,0.5889070146818923,0.5562347188264058,8,21
563,24,0.5889070146818923,0.5562347188264058,8,21
564,25,0.5889070146818923,0.5562347188264058,8,21
565,26,0.5889070146818923,0.5562347188264058,8,21
566,27,0.5889070146818923,0.5550122249388753,8,21
567,28,0.5889070146818923,0.5550122249388753,8,21
568,29,0.5889070146818923,0.5550122249388753,8,21
569,30,0.5889070146818923,0.5550122249388753,8,21
570,1,0.532733224222586,0.5202453987730061,8,28
571,2,0.5384615384615384,0.5153374233128835,8,28
572,3,0.8338788870703764,0.8429447852760736,8,28
573,4,0.7806873977086743,0.7705521472392638,8,28
574,5,0.5507364975450082,0.5828220858895705,8,28
575,6,0.5286415711947627,0.5631901840490797,8,28
576,7,0.5343698854337152,0.5840490797546012,8,28
577,8,0.5720130932896891,0.5852760736196319,8,28
578,9,0.7495908346972177,0.7079754601226994,8,28
579,10,0.8346972176759411,0.849079754601227,8,28
580,11,0.8338788870703764,0.8429447852760736,8,28
581,12,0.7463175122749591,0.7607361963190185,8,28
582,13,0.5286415711947627,0.5631901840490797,8,28
583,14,0.9549918166939444,0.9521472392638037,8,28
584,15,0.7806873977086743,0.7705521472392638,8,28
585,16,0.693126022913257,0.656441717791411,8,28
586,17,0.9247135842880524,0.901840490797546,8,28
587,18,0.5507364975450082,0.5828220858895705,8,28
588,19,0.532733224222586,0.5202453987730061,8,28
589,20,0.5548281505728314,0.5705521472392638,8,28
590,21,0.6702127659574468,0.6392638036809816,8,28
591,22,0.7569558101472995,0.7766871165644171,8,28
592,23,0.5531914893617021,0.5766871165644172,8,28
593,24,0.5531914893617021,0.5766871165644172,8,28
594,25,0.5531914893617021,0.5766871165644172,8,28
595,26,0.5531914893617021,0.5766871165644172,8,28
596,27,0.5458265139116203,0.5803680981595092,8,28
597,28,0.5458265139116203,0.5803680981595092,8,28
598,29,0.5458265139116203,0.5803680981595092,8,28
599,30,0.5458265139116203,0.5803680981595092,8,28
600,1,0.5341463414634147,0.5261875761266748,9,9
601,2,0.5292682926829269,0.559074299634592,9,9
602,3,0.8276422764227642,0.853836784409257,9,9
603,4,0.7878048780487805,0.758830694275274,9,9
604,5,0.5983739837398374,0.5773447015834349,9,9
605,6,0.5650406504065041,0.5554202192448234,9,9
606,7,0.5373983739837398,0.5529841656516443,9,9
607,8,0.634959349593496,0.6151035322777101,9,9
608,9,0.7268292682926829,0.7405602923264312,9,9
609,10,0.8357723577235773,0.8465286236297198,9,9
610,11,0.8276422764227642,0.853836784409257,9,9
611,12,0.7528455284552845,0.7551766138855055,9,9
612,13,0.5650406504065041,0.5554202192448234,9,9
613,14,0.9512195121951219,0.9585870889159561,9,9
614,15,0.7878048780487805,0.758830694275274,9,9
615,16,0.691869918699187,0.6845310596833131,9,9
616,17,0.9227642276422764,0.904993909866017,9,9
617,18,0.5983739837398374,0.5773447015834349,9,9
618,19,0.5341463414634147,0.5261875761266748,9,9
619,20,0.5983739837398374,0.5895249695493301,9,9
620,21,0.6658536585365854,0.6467722289890377,9,9
621,22,0.7658536585365854,0.7637028014616322,9,9
622,23,0.5967479674796748,0.5883069427527405,9,9
623,24,0.5967479674796748,0.5883069427527405,9,9
624,25,0.5967479674796748,0.5883069427527405,9,9
625,26,0.5967479674796748,0.5883069427527405,9,9
626,27,0.5723577235772358,0.5676004872107187,9,9
627,28,0.5723577235772358,0.5676004872107187,9,9
628,29,0.5723577235772358,0.5676004872107187,9,9
629,30,0.5723577235772358,0.5676004872107187,9,9
630,1,0.5365853658536586,0.5237515225334958,9,10
631,2,0.532520325203252,0.5651644336175395,9,10
632,3,0.8276422764227642,0.853836784409257,9,10
633,4,0.7878048780487805,0.758830694275274,9,10
634,5,0.5943089430894309,0.5785627283800243,9,10
635,6,0.5617886178861788,0.5554202192448234,9,10
636,7,0.5422764227642276,0.5505481120584653,9,10
637,8,0.6284552845528455,0.6199756394640682,9,10
638,9,0.7268292682926829,0.7405602923264312,9,10
639,10,0.8357723577235773,0.8465286236297198,9,10
640,11,0.8276422764227642,0.853836784409257,9,10
641,12,0.7528455284552845,0.7527405602923264,9,10
642,13,0.5617886178861788,0.5554202192448234,9,10
643,14,0.9512195121951219,0.9585870889159561,9,10
644,15,0.7878048780487805,0.758830694275274,9,10
645,16,0.6853658536585366,0.6881851400730816,9,10
646,17,0.9227642276422764,0.904993909866017,9,10
647,18,0.5943089430894309,0.5785627283800243,9,10
648,19,0.5365853658536586,0.5237515225334958,9,10
649,20,0.5975609756097561,0.5907429963459196,9,10
650,21,0.6658536585365854,0.6467722289890377,9,10
651,22,0.7658536585365854,0.7637028014616322,9,10
652,23,0.591869918699187,0.582216808769793,9,10
653,24,0.591869918699187,0.582216808769793,9,10
654,25,0.591869918699187,0.582216808769793,9,10
655,26,0.591869918699187,0.582216808769793,9,10
656,27,0.5707317073170731,0.5663824604141291,9,10
657,28,0.5707317073170731,0.5663824604141291,9,10
658,29,0.5707317073170731,0.5663824604141291,9,10
659,30,0.5707317073170731,0.5663824604141291,9,10
660,1,0.524390243902439,0.5286236297198539,9,14
661,2,0.5308943089430894,0.5627283800243605,9,14
662,3,0.8276422764227642,0.853836784409257,9,14
663,4,0.7878048780487805,0.758830694275274,9,14
664,5,0.5739837398373984,0.5566382460414129,9,14
665,6,0.5707317073170731,0.5517661388550548,9,14
666,7,0.540650406504065,0.5493300852618758,9,14
667,8,0.6113821138211382,0.6151035322777101,9,14
668,9,0.7268292682926829,0.7405602923264312,9,14
669,10,0.8357723577235773,0.8465286236297198,9,14
670,11,0.8276422764227642,0.853836784409257,9,14
671,12,0.7520325203252033,0.7539585870889159,9,14
672,13,0.5707317073170731,0.5517661388550548,9,14
673,14,0.9512195121951219,0.9585870889159561,9,14
674,15,0.7878048780487805,0.758830694275274,9,14
675,16,0.6796747967479675,0.6857490864799025,9,14
676,17,0.9227642276422764,0.904993909866017,9,14
677,18,0.5739837398373984,0.5566382460414129,9,14
678,19,0.524390243902439,0.5286236297198539,9,14
679,20,0.5756097560975609,0.582216808769793,9,14
680,21,0.6658536585365854,0.6467722289890377,9,14
681,22,0.7658536585365854,0.7637028014616322,9,14
682,23,0.5747967479674797,0.582216808769793,9,14
683,24,0.5747967479674797,0.582216808769793,9,14
684,25,0.5747967479674797,0.582216808769793,9,14
685,26,0.5747967479674797,0.582216808769793,9,14
686,27,0.5682926829268292,0.5773447015834349,9,14
687,28,0.5682926829268292,0.5773447015834349,9,14
688,29,0.5682926829268292,0.5773447015834349,9,14
689,30,0.5682926829268292,0.5773447015834349,9,14
690,1,0.5513866231647635,0.511002444987775,9,21
691,2,0.5595432300163132,0.519559902200489,9,21
692,3,0.8450244698205547,0.8276283618581907,9,21
693,4,0.7699836867862969,0.784841075794621,9,21
694,5,0.5783034257748777,0.5537897310513448,9,21
695,6,0.5513866231647635,0.5635696821515892,9,21
696,7,0.5464926590538336,0.5342298288508558,9,21
697,8,0.5995106035889071,0.5745721271393643,9,21
698,9,0.731647634584013,0.7334963325183375,9,21
699,10,0.8466557911908646,0.8312958435207825,9,21
700,11,0.8450244698205547,0.8276283618581907,9,21
701,12,0.7593800978792822,0.7396088019559902,9,21
702,13,0.5513866231647635,0.5635696821515892,9,21
703,14,0.9616639477977161,0.9425427872860636,9,21
704,15,0.7699836867862969,0.784841075794621,9,21
705,16,0.6810766721044046,0.676039119804401,9,21
706,17,0.9086460032626428,0.9266503667481663,9,21
707,18,0.5783034257748777,0.5537897310513448,9,21
708,19,0.5513866231647635,0.511002444987775,9,21
709,20,0.5734094616639478,0.5880195599022005,9,21
710,21,0.6623164763458401,0.6503667481662592,9,21
711,22,0.7805872756933115,0.7420537897310513,9,21
712,23,0.5889070146818923,0.5562347188264058,9,21
713,24,0.5889070146818923,0.5562347188264058,9,21
714,25,0.5889070146818923,0.5562347188264058,9,21
715,26,0.5889070146818923,0.5562347188264058,9,21
716,27,0.5889070146818923,0.5537897310513448,9,21
717,28,0.5889070146818923,0.5537897310513448,9,21
718,29,0.5889070146818923,0.5537897310513448,9,21
719,30,0.5889070146818923,0.5537897310513448,9,21
720,1,0.5319148936170213,0.5202453987730061,9,28
721,2,0.5392798690671031,0.5325153374233129,9,28
722,3,0.8338788870703764,0.8429447852760736,9,28
723,4,0.7806873977086743,0.7705521472392638,9,28
724,5,0.5507364975450082,0.5852760736196319,9,28
725,6,0.5286415711947627,0.5631901840490797,9,28
726,7,0.5319148936170213,0.5730061349693252,9,28
727,8,0.5720130932896891,0.5852760736196319,9,28
728,9,0.7495908346972177,0.7079754601226994,9,28
729,10,0.8346972176759411,0.849079754601227,9,28
730,11,0.8338788870703764,0.8429447852760736,9,28
731,12,0.7463175122749591,0.7607361963190185,9,28
732,13,0.5286415711947627,0.5631901840490797,9,28
733,14,0.9549918166939444,0.9521472392638037,9,28
734,15,0.7806873977086743,0.7705521472392638,9,28
735,16,0.693126022913257,0.656441717791411,9,28
736,17,0.9247135842880524,0.901840490797546,9,28
737,18,0.5507364975450082,0.5852760736196319,9,28
738,19,0.5319148936170213,0.5202453987730061,9,28
739,20,0.5548281505728314,0.5705521472392638,9,28
740,21,0.6702127659574468,0.6392638036809816,9,28
741,22,0.7569558101472995,0.7766871165644171,9,28
742,23,0.5523731587561375,0.5766871165644172,9,28
743,24,0.5523731587561375,0.5766871165644172,9,28
744,25,0.5523731587561375,0.5766871165644172,9,28
745,26,0.5523731587561375,0.5766871165644172,9,28
746,27,0.5450081833060556,0.5803680981595092,9,28
747,28,0.5450081833060556,0.5803680981595092,9,28
748,29,0.5450081833060556,0.5803680981595092,9,28
749,30,0.5450081833060556,0.5803680981595092,9,28
750,1,0.5219512195121951,0.5347137637028014,10,9
751,2,0.5300813008130081,0.5578562728380024,10,9
752,3,0.8276422764227642,0.853836784409257,10,9
753,4,0.7878048780487805,0.758830694275274,10,9
754,5,0.5983739837398374,0.5773447015834349,10,9
755,6,0.5650406504065041,0.5554202192448234,10,9
756,7,0.5382113821138211,0.5542021924482339,10,9
757,8,0.6357723577235772,0.6163215590742996,10,9
758,9,0.7268292682926829,0.7405602923264312,10,9
759,10,0.8357723577235773,0.8465286236297198,10,9
760,11,0.8276422764227642,0.853836784409257,10,9
761,12,0.7528455284552845,0.7551766138855055,10,9
762,13,0.5650406504065041,0.5554202192448234,10,9
763,14,0.9512195121951219,0.9585870889159561,10,9
764,15,0.7878048780487805,0.758830694275274,10,9
765,16,0.691869918699187,0.6845310596833131,10,9
766,17,0.9227642276422764,0.904993909866017,10,9
767,18,0.5983739837398374,0.5773447015834349,10,9
768,19,0.5219512195121951,0.5347137637028014,10,9
769,20,0.5991869918699188,0.5895249695493301,10,9
770,21,0.6658536585365854,0.6467722289890377,10,9
771,22,0.7658536585365854,0.7637028014616322,10,9
772,23,0.5959349593495935,0.5895249695493301,10,9
773,24,0.5959349593495935,0.5895249695493301,10,9
774,25,0.5959349593495935,0.5895249695493301,10,9
775,26,0.5959349593495935,0.5895249695493301,10,9
776,27,0.573170731707317,0.5676004872107187,10,9
777,28,0.573170731707317,0.5676004872107187,10,9
778,29,0.573170731707317,0.5676004872107187,10,9
779,30,0.573170731707317,0.5676004872107187,10,9
780,1,0.5252032520325203,0.5286236297198539,10,10
781,2,0.532520325203252,0.5639464068209501,10,10
782,3,0.8276422764227642,0.853836784409257,10,10
783,4,0.7878048780487805,0.758830694275274,10,10
784,5,0.5943089430894309,0.5785627283800243,10,10
785,6,0.5617886178861788,0.5554202192448234,10,10
786,7,0.5414634146341464,0.5505481120584653,10,10
787,8,0.6292682926829268,0.6199756394640682,10,10
788,9,0.7268292682926829,0.7405602923264312,10,10
789,10,0.8357723577235773,0.8465286236297198,10,10
790,11,0.8276422764227642,0.853836784409257,10,10
791,12,0.7528455284552845,0.7527405602923264,10,10
792,13,0.5617886178861788,0.5554202192448234,10,10
793,14,0.9512195121951219,0.9585870889159561,10,10
794,15,0.7878048780487805,0.758830694275274,10,10
795,16,0.6853658536585366,0.6881851400730816,10,10
796,17,0.9227642276422764,0.904993909866017,10,10
797,18,0.5943089430894309,0.5785627283800243,10,10
798,19,0.5252032520325203,0.5286236297198539,10,10
799,20,0.5975609756097561,0.5907429963459196,10,10
800,21,0.6658536585365854,0.6467722289890377,10,10
801,22,0.7658536585365854,0.7637028014616322,10,10
802,23,0.591869918699187,0.582216808769793,10,10
803,24,0.591869918699187,0.582216808769793,10,10
804,25,0.591869918699187,0.582216808769793,10,10
805,26,0.591869918699187,0.582216808769793,10,10
806,27,0.5707317073170731,0.5663824604141291,10,10
807,28,0.5707317073170731,0.5663824604141291,10,10
808,29,0.5707317073170731,0.5663824604141291,10,10
809,30,0.5707317073170731,0.5663824604141291,10,10
810,1,0.5300813008130081,0.5298416565164433,10,14
811,2,0.5308943089430894,0.5639464068209501,10,14
812,3,0.8276422764227642,0.853836784409257,10,14
813,4,0.7878048780487805,0.758830694275274,10,14
814,5,0.5739837398373984,0.5566382460414129,10,14
815,6,0.5707317073170731,0.5517661388550548,10,14
816,7,0.540650406504065,0.5493300852618758,10,14
817,8,0.6113821138211382,0.6151035322777101,10,14
818,9,0.7268292682926829,0.7405602923264312,10,14
819,10,0.8357723577235773,0.8465286236297198,10,14
820,11,0.8276422764227642,0.853836784409257,10,14
821,12,0.7520325203252033,0.7539585870889159,10,14
822,13,0.5707317073170731,0.5517661388550548,10,14
823,14,0.9512195121951219,0.9585870889159561,10,14
824,15,0.7878048780487805,0.758830694275274,10,14
825,16,0.6796747967479675,0.6857490864799025,10,14
826,17,0.9227642276422764,0.904993909866017,10,14
827,18,0.5739837398373984,0.5566382460414129,10,14
828,19,0.5300813008130081,0.5298416565164433,10,14
829,20,0.5747967479674797,0.582216808769793,10,14
830,21,0.6658536585365854,0.6467722289890377,10,14
831,22,0.7658536585365854,0.7637028014616322,10,14
832,23,0.5747967479674797,0.582216808769793,10,14
833,24,0.5747967479674797,0.582216808769793,10,14
834,25,0.5747967479674797,0.582216808769793,10,14
835,26,0.5747967479674797,0.582216808769793,10,14
836,27,0.5691056910569106,0.5773447015834349,10,14
837,28,0.5691056910569106,0.5773447015834349,10,14
838,29,0.5691056910569106,0.5773447015834349,10,14
839,30,0.5691056910569106,0.5773447015834349,10,14
840,1,0.5522022838499184,0.511002444987775,10,21
841,2,0.5595432300163132,0.519559902200489,10,21
842,3,0.8450244698205547,0.8276283618581907,10,21
843,4,0.7699836867862969,0.784841075794621,10,21
844,5,0.5783034257748777,0.5537897310513448,10,21
845,6,0.5513866231647635,0.5635696821515892,10,21
846,7,0.5415986949429038,0.5366748166259169,10,21
847,8,0.598694942903752,0.5745721271393643,10,21
848,9,0.731647634584013,0.7334963325183375,10,21
849,10,0.8466557911908646,0.8312958435207825,10,21
850,11,0.8450244698205547,0.8276283618581907,10,21
851,12,0.7593800978792822,0.7396088019559902,10,21
852,13,0.5513866231647635,0.5635696821515892,10,21
853,14,0.9616639477977161,0.9425427872860636,10,21
854,15,0.7699836867862969,0.784841075794621,10,21
855,16,0.6810766721044046,0.676039119804401,10,21
856,17,0.9086460032626428,0.9266503667481663,10,21
857,18,0.5783034257748777,0.5537897310513448,10,21
858,19,0.5522022838499184,0.511002444987775,10,21
859,20,0.5725938009787929,0.5880195599022005,10,21
860,21,0.6623164763458401,0.6503667481662592,10,21
861,22,0.7805872756933115,0.7420537897310513,10,21
862,23,0.5889070146818923,0.5562347188264058,10,21
863,24,0.5889070146818923,0.5562347188264058,10,21
864,25,0.5889070146818923,0.5562347188264058,10,21
865,26,0.5889070146818923,0.5562347188264058,10,21
866,27,0.5905383360522023,0.5525672371638142,10,21
867,28,0.5905383360522023,0.5525672371638142,10,21
868,29,0.5905383360522023,0.5525672371638142,10,21
869,30,0.5905383360522023,0.5525672371638142,10,21
870,1,0.5335515548281505,0.5202453987730061,10,28
871,2,0.5392798690671031,0.5312883435582823,10,28
872,3,0.8338788870703764,0.8429447852760736,10,28
873,4,0.7806873977086743,0.7705521472392638,10,28
874,5,0.5499181669394435,0.5852760736196319,10,28
875,6,0.5286415711947627,0.5631901840490797,10,28
876,7,0.5343698854337152,0.5840490797546012,10,28
877,8,0.5720130932896891,0.5852760736196319,10,28
878,9,0.7495908346972177,0.7079754601226994,10,28
879,10,0.8346972176759411,0.849079754601227,10,28
880,11,0.8338788870703764,0.8429447852760736,10,28
881,12,0.7454991816693944,0.7607361963190185,10,28
882,13,0.5286415711947627,0.5631901840490797,10,28
883,14,0.9549918166939444,0.9521472392638037,10,28
884,15,0.7806873977086743,0.7705521472392638,10,28
885,16,0.693126022913257,0.656441717791411,10,28
886,17,0.9247135842880524,0.901840490797546,10,28
887,18,0.5499181669394435,0.5852760736196319,10,28
888,19,0.5335515548281505,0.5202453987730061,10,28
889,20,0.5548281505728314,0.5717791411042945,10,28
890,21,0.6702127659574468,0.6392638036809816,10,28
891,22,0.7569558101472995,0.7766871165644171,10,28
892,23,0.5531914893617021,0.5766871165644172,10,28
893,24,0.5531914893617021,0.5766871165644172,10,28
894,25,0.5531914893617021,0.5766871165644172,10,28
895,26,0.5531914893617021,0.5766871165644172,10,28
896,27,0.5450081833060556,0.5803680981595092,10,28
897,28,0.5450081833060556,0.5803680981595092,10,28
898,29,0.5450081833060556,0.5803680981595092,10,28
899,30,0.5450081833060556,0.5803680981595092,10,28
900,1,0.5227642276422764,0.535931790499391,12,9
901,2,0.5292682926829269,0.5602923264311814,12,9
902,3,0.8276422764227642,0.853836784409257,12,9
903,4,0.7878048780487805,0.758830694275274,12,9
904,5,0.5983739837398374,0.5785627283800243,12,9
905,6,0.5666666666666667,0.5566382460414129,12,9
906,7,0.5382113821138211,0.5542021924482339,12,9
907,8,0.6365853658536585,0.6163215590742996,12,9
908,9,0.7268292682926829,0.7405602923264312,12,9
909,10,0.8357723577235773,0.8465286236297198,12,9
910,11,0.8276422764227642,0.853836784409257,12,9
911,12,0.7528455284552845,0.7551766138855055,12,9
912,13,0.5666666666666667,0.5566382460414129,12,9
913,14,0.9512195121951219,0.9585870889159561,12,9
914,15,0.7878048780487805,0.758830694275274,12,9
915,16,0.691869918699187,0.6845310596833131,12,9
916,17,0.9227642276422764,0.904993909866017,12,9
917,18,0.5983739837398374,0.5785627283800243,12,9
918,19,0.5227642276422764,0.535931790499391,12,9
919,20,0.5983739837398374,0.5907429963459196,12,9
920,21,0.6658536585365854,0.6467722289890377,12,9
921,22,0.7658536585365854,0.7637028014616322,12,9
922,23,0.5967479674796748,0.5895249695493301,12,9
923,24,0.5967479674796748,0.5895249695493301,12,9
924,25,0.5967479674796748,0.5895249695493301,12,9
925,26,0.5967479674796748,0.5895249695493301,12,9
926,27,0.5723577235772358,0.5676004872107187,12,9
927,28,0.5723577235772358,0.5676004872107187,12,9
928,29,0.5723577235772358,0.5676004872107187,12,9
929,30,0.5723577235772358,0.5676004872107187,12,9
930,1,0.524390243902439,0.5286236297198539,12,10
931,2,0.532520325203252,0.5651644336175395,12,10
932,3,0.8276422764227642,0.853836784409257,12,10
933,4,0.7878048780487805,0.758830694275274,12,10
934,5,0.5934959349593496,0.5785627283800243,12,10
935,6,0.5601626016260163,0.5554202192448234,12,10
936,7,0.5414634146341464,0.5505481120584653,12,10
937,8,0.6308943089430894,0.6199756394640682,12,10
938,9,0.7268292682926829,0.7405602923264312,12,10
939,10,0.8357723577235773,0.8465286236297198,12,10
940,11,0.8276422764227642,0.853836784409257,12,10
941,12,0.7528455284552845,0.7527405602923264,12,10
942,13,0.5601626016260163,0.5554202192448234,12,10
943,14,0.9512195121951219,0.9585870889159561,12,10
944,15,0.7878048780487805,0.758830694275274,12,10
945,16,0.6853658536585366,0.6881851400730816,12,10
946,17,0.9227642276422764,0.904993909866017,12,10
947,18,0.5934959349593496,0.5785627283800243,12,10
948,19,0.524390243902439,0.5286236297198539,12,10
949,20,0.5983739837398374,0.5919610231425091,12,10
950,21,0.6658536585365854,0.6467722289890377,12,10
951,22,0.7658536585365854,0.7637028014616322,12,10
952,23,0.591869918699187,0.5834348355663824,12,10
953,24,0.591869918699187,0.5834348355663824,12,10
954,25,0.591869918699187,0.5834348355663824,12,10
955,26,0.591869918699187,0.5834348355663824,12,10
956,27,0.5707317073170731,0.5663824604141291,12,10
957,28,0.5707317073170731,0.5663824604141291,12,10
958,29,0.5707317073170731,0.5663824604141291,12,10
959,30,0.5707317073170731,0.5663824604141291,12,10
960,1,0.5227642276422764,0.5274056029232643,12,14
961,2,0.5308943089430894,0.5627283800243605,12,14
962,3,0.8276422764227642,0.853836784409257,12,14
963,4,0.7878048780487805,0.758830694275274,12,14
964,5,0.5747967479674797,0.5566382460414129,12,14
965,6,0.5699186991869919,0.5517661388550548,12,14
966,7,0.540650406504065,0.5493300852618758,12,14
967,8,0.6113821138211382,0.6151035322777101,12,14
968,9,0.7268292682926829,0.7405602923264312,12,14
969,10,0.8357723577235773,0.8465286236297198,12,14
970,11,0.8276422764227642,0.853836784409257,12,14
971,12,0.7520325203252033,0.7539585870889159,12,14
972,13,0.5699186991869919,0.5517661388550548,12,14
973,14,0.9512195121951219,0.9585870889159561,12,14
974,15,0.7878048780487805,0.758830694275274,12,14
975,16,0.6796747967479675,0.6857490864799025,12,14
976,17,0.9227642276422764,0.904993909866017,12,14
977,18,0.5747967479674797,0.5566382460414129,12,14
978,19,0.5227642276422764,0.5274056029232643,12,14
979,20,0.5756097560975609,0.582216808769793,12,14
980,21,0.6658536585365854,0.6467722289890377,12,14
981,22,0.7658536585365854,0.7637028014616322,12,14
982,23,0.5747967479674797,0.582216808769793,12,14
983,24,0.5747967479674797,0.582216808769793,12,14
984,25,0.5747967479674797,0.582216808769793,12,14
985,26,0.5747967479674797,0.582216808769793,12,14
986,27,0.5691056910569106,0.5761266747868453,12,14
987,28,0.5691056910569106,0.5761266747868453,12,14
988,29,0.5691056910569106,0.5761266747868453,12,14
989,30,0.5691056910569106,0.5761266747868453,12,14
990,1,0.5513866231647635,0.511002444987775,12,21
991,2,0.5595432300163132,0.519559902200489,12,21
992,3,0.8450244698205547,0.8276283618581907,12,21
993,4,0.7699836867862969,0.784841075794621,12,21
994,5,0.5799347471451876,0.5562347188264058,12,21
995,6,0.5513866231647635,0.5647921760391198,12,21
996,7,0.5464926590538336,0.5342298288508558,12,21
997,8,0.5995106035889071,0.5745721271393643,12,21
998,9,0.731647634584013,0.7334963325183375,12,21
999,10,0.8466557911908646,0.8312958435207825,12,21
1000,11,0.8450244698205547,0.8276283618581907,12,21
1001,12,0.7593800978792822,0.7396088019559902,12,21
1002,13,0.5513866231647635,0.5647921760391198,12,21
1003,14,0.9616639477977161,0.9425427872860636,12,21
1004,15,0.7699836867862969,0.784841075794621,12,21
1005,16,0.6810766721044046,0.676039119804401,12,21
1006,17,0.9086460032626428,0.9266503667481663,12,21
1007,18,0.5799347471451876,0.5562347188264058,12,21
1008,19,0.5513866231647635,0.511002444987775,12,21
1009,20,0.5725938009787929,0.5880195599022005,12,21
1010,21,0.6623164763458401,0.6503667481662592,12,21
1011,22,0.7805872756933115,0.7420537897310513,12,21
1012,23,0.5872756933115824,0.5562347188264058,12,21
1013,24,0.5872756933115824,0.5562347188264058,12,21
1014,25,0.5872756933115824,0.5562347188264058,12,21
1015,26,0.5872756933115824,0.5562347188264058,12,21
1016,27,0.5897226753670473,0.5525672371638142,12,21
1017,28,0.5897226753670473,0.5525672371638142,12,21
1018,29,0.5897226753670473,0.5525672371638142,12,21
1019,30,0.5897226753670473,0.5525672371638142,12,21
1020,1,0.5310965630114566,0.5214723926380368,12,28
1021,2,0.5409165302782324,0.5325153374233129,12,28
1022,3,0.8338788870703764,0.8429447852760736,12,28
1023,4,0.7806873977086743,0.7705521472392638,12,28
1024,5,0.5507364975450082,0.5877300613496933,12,28
1025,6,0.5286415711947627,0.5631901840490797,12,28
1026,7,0.5343698854337152,0.5840490797546012,12,28
1027,8,0.5703764320785597,0.5852760736196319,12,28
1028,9,0.7495908346972177,0.7079754601226994,12,28
1029,10,0.8346972176759411,0.849079754601227,12,28
1030,11,0.8338788870703764,0.8429447852760736,12,28
1031,12,0.7454991816693944,0.7607361963190185,12,28
1032,13,0.5286415711947627,0.5631901840490797,12,28
1033,14,0.9549918166939444,0.9521472392638037,12,28
1034,15,0.7806873977086743,0.7705521472392638,12,28
1035,16,0.693126022913257,0.656441717791411,12,28
1036,17,0.9247135842880524,0.901840490797546,12,28
1037,18,0.5507364975450082,0.5877300613496933,12,28
1038,19,0.5310965630114566,0.5214723926380368,12,28
1039,20,0.5540098199672667,0.5717791411042945,12,28
1040,21,0.6702127659574468,0.6392638036809816,12,28
1041,22,0.7569558101472995,0.7766871165644171,12,28
1042,23,0.5531914893617021,0.5766871165644172,12,28
1043,24,0.5531914893617021,0.5766871165644172,12,28
1044,25,0.5531914893617021,0.5766871165644172,12,28
1045,26,0.5531914893617021,0.5766871165644172,12,28
1046,27,0.544189852700491,0.5815950920245399,12,28
1047,28,0.544189852700491,0.5815950920245399,12,28
1048,29,0.544189852700491,0.5815950920245399,12,28
1049,30,0.544189852700491,0.5815950920245399,12,28
1050,1,0.5341463414634147,0.5274056029232643,15,9
1051,2,0.5300813008130081,0.5578562728380024,15,9
1052,3,0.8276422764227642,0.853836784409257,15,9
1053,4,0.7878048780487805,0.758830694275274,15,9
1054,5,0.5983739837398374,0.5797807551766139,15,9
1055,6,0.567479674796748,0.5566382460414129,15,9
1056,7,0.5373983739837398,0.5542021924482339,15,9
1057,8,0.6365853658536585,0.6187576126674786,15,9
1058,9,0.7268292682926829,0.7405602923264312,15,9
1059,10,0.8357723577235773,0.8465286236297198,15,9
1060,11,0.8276422764227642,0.853836784409257,15,9
1061,12,0.7528455284552845,0.7539585870889159,15,9
1062,13,0.567479674796748,0.5566382460414129,15,9
1063,14,0.9512195121951219,0.9585870889159561,15,9
1064,15,0.7878048780487805,0.758830694275274,15,9
1065,16,0.6910569105691057,0.6845310596833131,15,9
1066,17,0.9227642276422764,0.904993909866017,15,9
1067,18,0.5983739837398374,0.5797807551766139,15,9
1068,19,0.5341463414634147,0.5274056029232643,15,9
1069,20,0.5975609756097561,0.5907429963459196,15,9
1070,21,0.6658536585365854,0.6467722289890377,15,9
1071,22,0.7658536585365854,0.7637028014616322,15,9
1072,23,0.5967479674796748,0.5895249695493301,15,9
1073,24,0.5967479674796748,0.5895249695493301,15,9
1074,25,0.5967479674796748,0.5895249695493301,15,9
1075,26,0.5967479674796748,0.5895249695493301,15,9
1076,27,0.5715447154471545,0.5676004872107187,15,9
1077,28,0.5715447154471545,0.5676004872107187,15,9
1078,29,0.5715447154471545,0.5676004872107187,15,9
1079,30,0.5715447154471545,0.5676004872107187,15,9
1080,1,0.5252032520325203,0.5286236297198539,15,10
1081,2,0.5317073170731708,0.5651644336175395,15,10
1082,3,0.8276422764227642,0.853836784409257,15,10
1083,4,0.7878048780487805,0.758830694275274,15,10
1084,5,0.5926829268292683,0.5785627283800243,15,10
1085,6,0.5617886178861788,0.5566382460414129,15,10
1086,7,0.5414634146341464,0.5493300852618758,15,10
1087,8,0.6317073170731707,0.6199756394640682,15,10
1088,9,0.7268292682926829,0.7405602923264312,15,10
1089,10,0.8357723577235773,0.8465286236297198,15,10
1090,11,0.8276422764227642,0.853836784409257,15,10
1091,12,0.7528455284552845,0.7539585870889159,15,10
1092,13,0.5617886178861788,0.5566382460414129,15,10
1093,14,0.9512195121951219,0.9585870889159561,15,10
1094,15,0.7878048780487805,0.758830694275274,15,10
1095,16,0.6853658536585366,0.6881851400730816,15,10
1096,17,0.9227642276422764,0.904993909866017,15,10
1097,18,0.5926829268292683,0.5785627283800243,15,10
1098,19,0.5252032520325203,0.5286236297198539,15,10
1099,20,0.5983739837398374,0.5907429963459196,15,10
1100,21,0.6658536585365854,0.6467722289890377,15,10
1101,22,0.7658536585365854,0.7637028014616322,15,10
1102,23,0.591869918699187,0.5834348355663824,15,10
1103,24,0.591869918699187,0.5834348355663824,15,10
1104,25,0.591869918699187,0.5834348355663824,15,10
1105,26,0.591869918699187,0.5834348355663824,15,10
1106,27,0.5707317073170731,0.5663824604141291,15,10
1107,28,0.5707317073170731,0.5663824604141291,15,10
1108,29,0.5707317073170731,0.5663824604141291,15,10
1109,30,0.5707317073170731,0.5663824604141291,15,10
1110,1,0.5235772357723577,0.5286236297198539,15,14
1111,2,0.5292682926829269,0.561510353227771,15,14
1112,3,0.8276422764227642,0.853836784409257,15,14
1113,4,0.7878048780487805,0.758830694275274,15,14
1114,5,0.5747967479674797,0.5578562728380024,15,14
1115,6,0.5699186991869919,0.5505481120584653,15,14
1116,7,0.540650406504065,0.5481120584652862,15,14
1117,8,0.6097560975609756,0.6151035322777101,15,14
1118,9,0.7268292682926829,0.7405602923264312,15,14
1119,10,0.8357723577235773,0.8465286236297198,15,14
1120,11,0.8276422764227642,0.853836784409257,15,14
1121,12,0.751219512195122,0.7539585870889159,15,14
1122,13,0.5699186991869919,0.5505481120584653,15,14
1123,14,0.9512195121951219,0.9585870889159561,15,14
1124,15,0.7878048780487805,0.758830694275274,15,14
1125,16,0.6796747967479675,0.6857490864799025,15,14
1126,17,0.9227642276422764,0.904993909866017,15,14
1127,18,0.5747967479674797,0.5578562728380024,15,14
1128,19,0.5235772357723577,0.5286236297198539,15,14
1129,20,0.5747967479674797,0.582216808769793,15,14
1130,21,0.6658536585365854,0.6467722289890377,15,14
1131,22,0.7658536585365854,0.7637028014616322,15,14
1132,23,0.5747967479674797,0.582216808769793,15,14
1133,24,0.5747967479674797,0.582216808769793,15,14
1134,25,0.5747967479674797,0.582216808769793,15,14
1135,26,0.5747967479674797,0.582216808769793,15,14
1136,27,0.5682926829268292,0.5773447015834349,15,14
1137,28,0.5682926829268292,0.5773447015834349,15,14
1138,29,0.5682926829268292,0.5773447015834349,15,14
1139,30,0.5682926829268292,0.5773447015834349,15,14
1140,1,0.5513866231647635,0.5122249388753056,15,21
1141,2,0.5595432300163132,0.519559902200489,15,21
1142,3,0.8450244698205547,0.8276283618581907,15,21
1143,4,0.7699836867862969,0.784841075794621,15,21
1144,5,0.5799347471451876,0.5574572127139364,15,21
1145,6,0.5513866231647635,0.5635696821515892,15,21
1146,7,0.5424143556280587,0.5366748166259169,15,21
1147,8,0.5995106035889071,0.5745721271393643,15,21
1148,9,0.731647634584013,0.7334963325183375,15,21
1149,10,0.8466557911908646,0.8312958435207825,15,21
1150,11,0.8450244698205547,0.8276283618581907,15,21
1151,12,0.7593800978792822,0.7396088019559902,15,21
1152,13,0.5513866231647635,0.5635696821515892,15,21
1153,14,0.9616639477977161,0.9425427872860636,15,21
1154,15,0.7699836867862969,0.784841075794621,15,21
1155,16,0.6810766721044046,0.676039119804401,15,21
1156,17,0.9086460032626428,0.9266503667481663,15,21
1157,18,0.5799347471451876,0.5574572127139364,15,21
1158,19,0.5513866231647635,0.5122249388753056,15,21
1159,20,0.5725938009787929,0.5880195599022005,15,21
1160,21,0.6623164763458401,0.6503667481662592,15,21
1161,22,0.7805872756933115,0.7420537897310513,15,21
1162,23,0.5880913539967374,0.5550122249388753,15,21
1163,24,0.5880913539967374,0.5550122249388753,15,21
1164,25,0.5880913539967374,0.5550122249388753,15,21
1165,26,0.5880913539967374,0.5550122249388753,15,21
1166,27,0.5889070146818923,0.5513447432762836,15,21
1167,28,0.5889070146818923,0.5513447432762836,15,21
1168,29,0.5889070146818923,0.5513447432762836,15,21
1169,30,0.5889070146818923,0.5513447432762836,15,21
1170,1,0.532733224222586,0.5214723926380368,15,28
1171,2,0.5400981996726678,0.5325153374233129,15,28
1172,3,0.8338788870703764,0.8429447852760736,15,28
1173,4,0.7806873977086743,0.7705521472392638,15,28
1174,5,0.5499181669394435,0.5877300613496933,15,28
1175,6,0.5270049099836334,0.561963190184049,15,28
1176,7,0.5343698854337152,0.5840490797546012,15,28
1177,8,0.5711947626841244,0.5865030674846625,15,28
1178,9,0.7495908346972177,0.7079754601226994,15,28
1179,10,0.8346972176759411,0.849079754601227,15,28
1180,11,0.8338788870703764,0.8429447852760736,15,28
1181,12,0.7454991816693944,0.7607361963190185,15,28
1182,13,0.5270049099836334,0.561963190184049,15,28
1183,14,0.9549918166939444,0.9521472392638037,15,28
1184,15,0.7806873977086743,0.7705521472392638,15,28
1185,16,0.693126022913257,0.656441717791411,15,28
1186,17,0.9247135842880524,0.901840490797546,15,28
1187,18,0.5499181669394435,0.5877300613496933,15,28
1188,19,0.532733224222586,0.5214723926380368,15,28
1189,20,0.5548281505728314,0.5693251533742332,15,28
1190,21,0.6702127659574468,0.6392638036809816,15,28
1191,22,0.7569558101472995,0.7766871165644171,15,28
1192,23,0.5531914893617021,0.5754601226993865,15,28
1193,24,0.5531914893617021,0.5754601226993865,15,28
1194,25,0.5531914893617021,0.5754601226993865,15,28
1195,26,0.5531914893617021,0.5754601226993865,15,28
1196,27,0.5474631751227496,0.5815950920245399,15,28
1197,28,0.5474631751227496,0.5815950920245399,15,28
1198,29,0.5474631751227496,0.5815950920245399,15,28
1199,30,0.5474631751227496,0.5815950920245399,15,28
